dimension_id,group_id,group_title,title_zh,kind,code_table_id,comparator,allow_custom,is_hard,role,weight,person_locator,person_source,person_field_id,job_locator,job_source,job_gap,note
DIM_DEGREE_LEVEL,G1,学历与专业,学历层次,ordinal,CT_DEGREE_LEVEL,ordinal_ge,false,true,gate,1,education_record.degree_level,education_record.degree_level,F_EDU_DEGREE_LEVEL,job_posting.education_req,job_posting.education_req,,两侧均有值；岗位侧 690/690 有码值 D1-D4
DIM_MAJOR,G1,学历与专业,专业匹配,set,CT_MAJOR,set_overlap,true,true,gate,0.9,education_record.major_code,education_record.major_code,F_EDU_MAJOR_CODE,job_requirement:RT1.raw_text,job_requirement.raw_text(RT1),job_posting.major_req 列存在但 690/690 全空；专业要求只写在 RT1 自由文本里，需新增解析产出多值专业码,岗位侧当前只能做文本包含，不能做集合比较
DIM_IS_CLINICAL_MAJOR,G1,学历与专业,是否临床医学类,enum,CT_YES_NO,enum_eq,false,false,score,0.4,education_record.is_clinical,education_record.is_clinical,F_EDU_IS_CLINICAL,derived:DIM_MAJOR,由岗位要求的专业集合推导,,岗位侧为派生值，不是独立要求
DIM_ACADEMIC_RANK,G1,学历与专业,学业排名段位,ordinal,CT_RANK_BAND,ordinal_ge,false,false,display,0,education_record.rank_percentile,education_record.rank_percentile 派生段位,F_EDU_RANK_PCT,unavailable,无结构化要求,岗位侧无字段,仅展示：学业排名不能作为录用排序依据
DIM_SCHOOL_TIER,G1,学历与专业,院校层次,ordinal,CT_SCHOOL_TIER,ordinal_ge,false,false,score,0.6,education_record.school_tags,education_record.school_tags,F_EDU_SCHOOL_TAGS,unavailable,无结构化要求,岗位侧无字段；只有 job_requirement.raw_text 里偶见名校偏好，需新增 job_posting.school_tier_req,现存 school_tags 存的是中文标签（省重点/双一流/211/985/医学强校），含词表外取值，需先码化
DIM_CREDENTIAL,G2,资质与准入,资质证书持有,set,CT_CREDENTIAL_TYPE,set_overlap,true,true,gate,1,credential.credential_type,credential.credential_type,F_CRED_TYPE,job_requirement:RT4.concept_id,job_requirement.concept_id(RT4),"job_posting.license_req 列存在但 690/690 全空；证照要求只在 job_requirement(RT4, 240 行)里",两侧有值；岗位侧 120/240 行映射到了概念
DIM_CREDENTIAL_STATUS,G2,资质与准入,证书状态,ordinal,CT_CRED_STATUS,ordinal_ge,false,true,gate,0.5,credential.status,credential.status,F_CRED_STATUS,unavailable,岗位只要求持有，不区分状态,,持证状态是硬门槛的自检条件，岗位侧无需对应
DIM_TRAINING,G2,资质与准入,规培与培养经历,set,CT_TRAINING_TYPE,set_overlap,true,true,gate,0.9,credential.credential_type,credential(C02/C03) + training_record.training_type,F_TRAIN_TYPE,job_requirement:RT4.raw_text,job_requirement.raw_text(RT4),岗位侧无规培要求字段，只在 RT4 文本里,training_record 表 0 行，规培信息目前只体现在 credential 的 C02/C03
DIM_HEALTH_LIMIT,G2,资质与准入,体检受限项,set,CT_HEALTH_LIMIT,set_overlap,true,true,gate,0.3,person_demographics.health_limits,person_demographics.health_limits,F_PERSON_HEALTH_LIMITS,unavailable,合规上不得写入岗位要求,岗位侧不应有对应字段,仅做单向过滤，禁止体检歧视
DIM_POLITICAL,G2,资质与准入,政治面貌,enum,CT_POLITICAL,enum_eq,false,true,gate,0.2,person_demographics.political_status,person_demographics.political_status,F_PERSON_POLITICAL,unavailable,选调生与公务员岗位在 raw_text 里要求,需新增 job_posting.political_req,仅少部分公共部门岗位为硬门槛
DIM_AGE_BAND,G2,资质与准入,年龄段,ordinal,CT_AGE_BAND,ordinal_ge,false,false,score,0.2,person_demographics.birth_year,person_demographics.birth_year 派生段位,F_PERSON_BIRTH_YEAR,unavailable,年龄上限只在 raw_text,需新增 job_posting.age_max,年龄不得作为主要排序依据
DIM_SEX,G2,资质与准入,性别,enum,CT_SEX,enum_eq,false,false,display,0,person_demographics.sex,person_demographics.sex,F_PERSON_SEX,unavailable,不得作为岗位要求,岗位侧不应有对应字段,只做展示与聚合分层，绝不参与打分
DIM_WORK_YEARS,G3,经历与年限,工作年限,ordinal,CT_EXPERIENCE_BAND,ordinal_ge,false,true,gate,1,derived:employment_record 起止日期,employment_record.start_date/end_date 派生,,job_posting.experience_req,job_posting.experience_req,需把 experience_req 自由文本归一化为码值；已确认 job_posting.experience_min_years 不存在,岗位侧 690/690 有值但只有 3 种自由文本（应届/1-3年/3-5年），无码表
DIM_EMPLOYER_TYPE,G3,经历与年限,单位类型,set,CT_EMPLOYER_TYPE,set_overlap,true,false,score,0.6,employment_record.employer_type,employment_record.employer_type,F_EMP_EMPLOYER_TYPE,unavailable,三甲与基层偏好只在 raw_text,需新增 job_posting.employer_type（该列确实不存在）,岗位侧缺列，已实测确认
DIM_CLINICAL_BAND,G3,经历与年限,临床暴露层级,ordinal,CT_CLINICAL_BAND,ordinal_ge,false,false,score,0.7,derived:clinical_exposure + credential,clinical_exposure 例数与科室 + credential(C01/C02) 派生,,unavailable,岗位侧无结构化要求,需新增岗位侧临床经历要求，或从 RT8 文本解析,人侧有值（clinical_exposure 143 行），岗位侧完全缺失
DIM_CLINICAL_DEPARTMENT,G3,经历与年限,临床科室经历,set,CT_CLINICAL_DEPARTMENT,set_overlap,true,false,score,0.5,clinical_exposure.department,clinical_exposure.department,F_CLIN_DEPARTMENT,unavailable,岗位侧无结构化要求,可从 job_posting.title_raw 与 occupation_id 反推,现存 department 是中文标签，department_code 143/143 全空；30 种原值已全部覆盖进词表
DIM_CLINICAL_VOLUME,G3,经历与年限,操作例数区间,ordinal,CT_VOLUME_BAND,ordinal_ge,false,false,score,0.4,clinical_exposure.procedure_count,clinical_exposure.procedure_count 派生区间,F_CLIN_PROCEDURE_COUNT,unavailable,岗位侧无结构化要求,岗位侧通常在 raw_text 里写例数门槛,区间化避免原始计数不可比
DIM_PROJECT_TYPE,G3,经历与年限,项目经历类型,set,CT_PROJECT_TYPE,set_overlap,true,false,score,0.5,project_record.project_type,project_record.project_type,F_PRJ_PROJECT_TYPE,job_requirement:RT3.concept_id,job_requirement(RT3/RT5),岗位侧无项目要求字段,现存 project_type 是 5 种中文标签原值，需码化
DIM_PROJECT_ROLE,G3,经历与年限,项目角色,ordinal,CT_PROJECT_ROLE,ordinal_ge,true,false,score,0.4,project_record.role,project_record.role,,unavailable,岗位侧无结构化要求,可从 RT3 文本里的负责与参与推断,人侧有值，岗位侧缺失
DIM_JOB_ZONE,G3,经历与年限,岗位准备度,ordinal,CT_JOB_ZONE,ordinal_ge,false,false,score,0.5,derived:学位与年限,由 DIM_DEGREE_LEVEL 与 DIM_WORK_YEARS 派生,F_JOB_ZONE,job_posting.job_zone,job_posting.job_zone,job_posting.job_zone 列存在但 690/690 全空，需回填,列在、值不在
DIM_RESEARCH_LEVEL,G4,科研与产出,科研层级,ordinal,CT_RESEARCH_LEVEL,ordinal_ge,false,false,score,0.7,derived:research_output,research_output.is_first_author 与 author_position 派生,,job_requirement:RT5.concept_id,job_requirement(RT5/RT3) 里的发表要求,岗位侧无科研等级要求字段,人侧 89 行产出，岗位侧只有文本
DIM_RESEARCH_OUTPUT_TYPE,G4,科研与产出,科研产出类型,set,CT_RESEARCH_OUTPUT_TYPE,set_overlap,true,false,score,0.4,research_output.output_type,research_output.output_type,F_RES_OUTPUT_TYPE,unavailable,岗位侧无结构化要求,需新增岗位侧产出要求,两侧无对应，人侧可枚举
DIM_AWARD_LEVEL,G4,科研与产出,获奖层级,ordinal,CT_AWARD_LEVEL,ordinal_ge,true,false,score,0.3,award_honor.level,award_honor.level,F_AWD_AWARD_LEVEL,unavailable,岗位侧无结构化要求,极少岗位在 raw_text 里提奖项,现存 level 是中文标签原值，需码化
DIM_OVERSEAS,G4,科研与产出,海外经历,enum,CT_YES_NO,enum_eq,false,false,score,0.2,education_record.overseas,education_record.overseas,,unavailable,岗位侧无结构化要求,部分岗位 raw_text 提海外背景优先,人侧布尔，岗位侧缺失
DIM_CONCEPT_SKILL,G5,能力与知识,技能概念（K1）,set,,set_overlap,true,false,score,1,concept:K1,skill_assertion.concept_id 且 concept_type=K1,F_SKL_CONCEPT_ID,job_requirement:RT5.concept_id,job_requirement.concept_id(RT5),,现 compute_matches 唯一使用的维度；540 条 RT5 要求全部映射到 24 个概念。allow_custom 走能力候选概念池而非词表候选
DIM_CONCEPT_ABILITY,G5,能力与知识,通用能力概念（K3）,set,,set_overlap,true,false,score,0.9,concept:K3,skill_assertion.concept_id 且 concept_type=K3,F_SKL_CONCEPT_ID,job_requirement:RT5.concept_id,job_requirement.concept_id(RT5),,与 K1 共用同一张表，靠 concept_type 区分；K3 当前只有 13 个概念。allow_custom 同上
DIM_SKILL_LEVEL,G5,能力与知识,能力等级,ordinal,CT_ABILITY_LEVEL,ordinal_ge,false,false,score,0.8,skill_assertion.level,skill_assertion.level(1-5),F_SKL_LEVEL,job_requirement.min_level,job_requirement.min_level,job_requirement.min_level 2970/2970 全空，岗位侧没有任何等级要求,概念能对上但等级只有人侧有值，因此当前只能做命中与缺口二值比较
DIM_SKILL_BASIS,G5,能力与知识,等级判定依据,enum,CT_LEVEL_BASIS,enum_eq,false,false,modifier,0,skill_assertion.level_basis,skill_assertion.level_basis,F_SKL_LEVEL_BASIS,unavailable,不是岗位要求,,作为置信折扣使用，权重必须为 0
DIM_ASSESSMENT_DIMENSION,G5,能力与知识,测评维度得分,set,CT_ASSESSMENT_DIMENSION,set_overlap,true,false,score,0.3,assessment.dimension,assessment.dimension 与 percentile,F_ASM_DIMENSION,unavailable,岗位侧无结构化要求,需新增岗位侧测评要求,现存 162 行测评维度是中文标签，且工具名为合成示例
DIM_LANGUAGE_LEVEL,G5,能力与知识,语言能力,ordinal,CT_LANGUAGE_LEVEL,ordinal_ge,true,false,score,0.6,credential:C09,credential(C09)，无独立语言等级列,,job_requirement:RT7.raw_text,"job_requirement.raw_text(RT7, 90 行)",需新增 person_language 表或字段,已确认：岗位侧有 90 行语言要求，人侧没有任何结构化语言等级字段
DIM_INTEREST_DOMAIN,G6,兴趣与价值取向,兴趣方向,set,CT_INTEREST_DOMAIN,set_overlap,true,false,score,0.5,preference:PF9,preference.value_code(pref_type=PF9),F_PREF_INTEREST_DOMAIN,job_posting.job_family,job_posting.job_family 经 CT_INTEREST_DOMAIN.external_mapping 反查,,用户点名的维度：29 个选项，external_mapping 直连岗位族，因此两侧可匹配
DIM_CAREER_GOAL,G6,兴趣与价值取向,职业目标,set,CT_CAREER_GOAL,set_overlap,true,false,score,0.5,preference:PF12,preference.value_code(pref_type=PF12),F_PREF_CAREER_GOAL,job_posting.job_family,job_posting.job_family 与 occupation.family,,复用用户已补的 CT_CAREER_GOAL（8 项）
DIM_WORK_STYLE,G6,兴趣与价值取向,工作风格,set,CT_WORK_STYLE,set_overlap,true,false,score,0.4,preference:PF10,preference.value_code(pref_type=PF10),F_PREF_WORK_STYLE,job_requirement:RT8.raw_text,job_requirement.raw_text(RT8),岗位侧需新增软性要求词表（RT8 现有 900 行自由文本）,两侧原本都不存在，先建人侧词表，岗位侧走 RT8 文本匹配
DIM_VALUE_ORIENT,G6,兴趣与价值取向,价值观取向,set,CT_VALUE_ORIENT,set_overlap,true,false,score,0.3,preference:PF11,preference.value_code(pref_type=PF11),F_PREF_VALUE_ORIENT,unavailable,无结构化要求,需新增岗位侧组织价值观要求,两侧都没有，属诚实缺口
DIM_ORG_CULTURE_FIT,G6,兴趣与价值取向,组织文化契合,set,CT_ORG_CULTURE,set_overlap,true,false,score,0.3,preference:PF16,preference.value_code(pref_type=PF16),F_PREF_ORG_CULTURE,unavailable,无结构化要求,需在 employer.attrs 或 job_posting 上新增 org_culture,复用用户已补的 CT_ORG_CULTURE（6 项），岗位侧仍为空
DIM_EXPECT_CITY,G7,地域与流动,期望工作城市,set,CT_CITY,set_overlap,true,false,score,0.9,preference:PF1,preference.value_raw(pref_type=PF1)，value_code 120/120 为空,F_PREF_EXPECT_CITY,job_posting.city,job_posting.city,,两侧有值；PF1 的 value_code 全空，需回填 CT_CITY 码；job_posting.province 690/690 为空，地域只能靠 city
DIM_CITY_TIER,G7,地域与流动,城市层级,ordinal,CT_CITY_TIER,ordinal_ge,false,false,score,0.5,derived:DIM_EXPECT_CITY,由期望城市映射 CT_CITY_TIER,,derived:job_posting.city,由 job_posting.city 映射 CT_CITY_TIER,,两侧都可派生，但需要 city 到 tier 的映射，当前没有
DIM_MOBILITY,G7,地域与流动,地域流动意愿,ordinal,CT_MOBILITY,ordinal_ge,true,false,score,0.5,preference:PF15,preference.value_code(pref_type=PF15),F_PREF_MOBILITY,unavailable,岗位侧无对应字段,岗位侧可由 job_posting.city 与户籍地距离间接反映,复用用户已补的 CT_MOBILITY（4 项）
DIM_HUKOU_CITY,G7,地域与流动,户籍所在地,enum,CT_CITY,enum_eq,true,false,score,0.2,person_demographics.hukou_province,person_demographics.hukou_province,F_PERSON_HUKOU_CITY,unavailable,不得作为岗位限制条件,仅用于本地化运营与返乡倾向分析,列名叫 province 但实际存的是城市（郑州/天津/青岛…），需重命名或明确口径
DIM_HUKOU_TYPE,G7,地域与流动,户籍类型,enum,CT_HUKOU_TYPE,enum_eq,false,false,score,0.1,person_demographics.hukou_type,person_demographics.hukou_type,F_PERSON_HUKOU_TYPE,unavailable,个别岗位报考资格相关,需新增 job_posting.hukou_req,仅极少数岗位相关
DIM_WORK_MODE,G7,地域与流动,工作方式偏好,set,CT_WORK_MODE,set_overlap,true,false,score,0.4,preference:PF13,preference.value_code(pref_type=PF13),F_PREF_WORK_MODE,job_posting.employment_type,job_posting.employment_type,job_posting.employment_type 列存在但 690/690 全空，需回填,复用用户已补的 CT_WORK_MODE（6 项）；岗位侧列在值不在
DIM_SALARY_EXPECT,G8,薪酬与强度,薪资期望区间,range,,range_overlap,false,false,score,0.8,preference:PF4,preference.value_code(pref_type=PF4) 形如 monthly:10000-15000,,job_posting.salary_min,job_posting.salary_min 与 salary_max,,两侧有值（岗位 598/690 披露）；按区间覆盖比例打分，不做数值相减
DIM_SALARY_BAND,G8,薪酬与强度,薪资档位,ordinal,CT_SALARY_BAND,ordinal_ge,false,false,display,0,derived:DIM_SALARY_EXPECT,由期望区间映射档位,,derived:job_posting.salary_min,由岗位薪资映射档位,,只用于界面分档展示，不参与打分
DIM_WORK_INTENSITY,G8,薪酬与强度,工作强度容忍,ordinal,CT_WORK_INTENSITY,ordinal_ge,true,false,score,0.5,preference:PF5,preference.value_raw(pref_type=PF5)，value_code 全空,,job_requirement:RT8.raw_text,job_requirement.raw_text(RT8),需新增岗位侧强度要求字段,人侧 57 行只有中文文本，需码化
DIM_SHIFT_WILLING,G8,薪酬与强度,值班意愿,ordinal,CT_SHIFT_WILLING,ordinal_ge,true,false,score,0.5,preference:PF14,preference.value_code(pref_type=PF14),F_PREF_SHIFT_WILLING,job_requirement:RT8.raw_text,job_requirement.raw_text(RT8) 里的夜班要求,需新增 job_posting.shift_required,复用用户已补的 CT_SHIFT_WILLING（3 项）
DIM_GROWTH_PREF,G8,薪酬与强度,成长性偏好,ordinal,CT_GROWTH_PREF,ordinal_ge,true,false,score,0.3,preference:PF7,preference.value_raw(pref_type=PF7)，value_code 全空,,unavailable,岗位侧无对应字段,岗位侧可用 occupation.transition_ease 近似,人侧 50 行中文文本，需码化
DIM_STABILITY_PREF,G8,薪酬与强度,稳定性偏好,ordinal,CT_STABILITY_PREF,ordinal_ge,true,false,score,0.3,preference:PF6,preference.value_code(pref_type=PF6),,unavailable,岗位侧无对应字段,需新增岗位侧机构稳定性字段,词表 PF6 已定义但数据 0 行
DIM_JOB_FAMILY_PREF,G9,岗位族与综合,岗位族偏好,set,CT_JOB_FAMILY,set_overlap,true,false,score,1,preference:PF3,preference.value_code(pref_type=PF3),,job_posting.job_family,job_posting.job_family,,两侧有值；PF3 的 value_code 已填 F01-F17
DIM_ACCEPT_CROSS_INDUSTRY,G9,岗位族与综合,是否接受转行,enum,CT_YES_NO,enum_eq,false,false,score,0.4,preference:PF8,preference.value_code(pref_type=PF8) 取值为 Y/N,,derived:job_posting.job_family,job_family=F16 完全跨行 视为跨行岗位,,PF8 现存码值就是 Y/N，与 CT_YES_NO 对齐即可
DIM_EVIDENCE_STRENGTH,G9,岗位族与综合,画像证据强度,ordinal,CT_EVIDENCE_STRENGTH,ordinal_ge,false,false,modifier,0,derived:evidence 与 verify_status,evidence.cel_level 与各表 verify_status 派生,F_EVD_VERIFIABILITY,unavailable,不是岗位要求,,跨维度折扣：所有维度得分乘以 0.6 加 0.1 乘强度档，权重必须为 0
